{
  "shoulder_pan.pos": 4.206869934388251,
  "shoulder_lift.pos": -99.83000424989375,
  "elbow_flex.pos": 97.03770197486534,
  "wrist_flex.pos": 74.28817946505609,
  "wrist_roll.pos": 1.4901960784313673,
  "gripper.pos": 2.4848891873740766
}